"id","year","date","day_name","tp_a_id","tp_b_id","rs_id","rs_morning_id","rs_afternoon_id","is_working","is_weekend","is_holiday","holiday_name","remark","created_at"
"2921","2026","2026-01-01","พฤหัสบดี",NULL,NULL,NULL,NULL,NULL,"0","0","1","วันขึ้นปีใหม่","วันหยุดราชการ (ไม่จัดเวร)","2025-12-25 08:57:23"
"2922","2026","2026-01-02","ศุกร์",NULL,NULL,NULL,NULL,NULL,"0","0","1","วันหยุดพิเศษ (ชดเชยวันขึ้นปีใหม่)","วันหยุดราชการ (ไม่จัดเวร)","2025-12-25 08:57:23"
"2923","2026","2026-01-03","เสาร์",NULL,NULL,NULL,NULL,NULL,"0","1","0",NULL,"เสาร์-อาทิตย์ (ไม่จัดเวร)","2025-12-25 08:57:23"
"2924","2026","2026-01-04","อาทิตย์",NULL,NULL,NULL,NULL,NULL,"0","1","0",NULL,"เสาร์-อาทิตย์ (ไม่จัดเวร)","2025-12-25 08:57:23"
"2925","2026","2026-01-05","จันทร์","1","11",NULL,NULL,NULL,"1","0","0",NULL," | เช้า: B7, บ่าย: B5","2025-12-25 08:57:23"
"2926","2026","2026-01-06","อังคาร","10","20",NULL,NULL,NULL,"1","0","0",NULL," | เช้า: B8, บ่าย: B13","2025-12-25 08:57:23"
"2927","2026","2026-01-07","พุธ","2","21",NULL,NULL,NULL,"1","0","0",NULL," | เช้า: B1, บ่าย: B4","2025-12-25 08:57:23"
"2928","2026","2026-01-08","พฤหัสบดี","3","23",NULL,NULL,NULL,"1","0","0",NULL," | เช้า: B10, บ่าย: B15","2025-12-25 08:57:23"
"2929","2026","2026-01-09","ศุกร์","5","24",NULL,NULL,NULL,"1","0","0",NULL," | เช้า: B11, บ่าย: B6","2025-12-25 08:57:23"
"2930","2026","2026-01-10","เสาร์",NULL,NULL,NULL,NULL,NULL,"0","1","0",NULL,"เสาร์-อาทิตย์ (ไม่จัดเวร)","2025-12-25 08:57:23"
"2931","2026","2026-01-11","อาทิตย์",NULL,NULL,NULL,NULL,NULL,"0","1","0",NULL,"เสาร์-อาทิตย์ (ไม่จัดเวร)","2025-12-25 08:57:23"
"2932","2026","2026-01-12","จันทร์","6","25",NULL,NULL,NULL,"1","0","0",NULL," | เช้า: B3, บ่าย: B9","2025-12-25 08:57:23"
"2933","2026","2026-01-13","อังคาร","7","12",NULL,NULL,NULL,"1","0","0",NULL," | เช้า: B14, บ่าย: B7","2025-12-25 08:57:23"
"2934","2026","2026-01-14","พุธ","10","13",NULL,NULL,NULL,"1","0","0",NULL," | เช้า: B5, บ่าย: B8","2025-12-25 08:57:23"
"2935","2026","2026-01-15","พฤหัสบดี","2","14",NULL,NULL,NULL,"1","0","0",NULL," | เช้า: B2, บ่าย: B1","2025-12-25 08:57:23"
"2936","2026","2026-01-16","ศุกร์","6","15",NULL,NULL,NULL,"1","0","0",NULL," | เช้า: B13, บ่าย: B11","2025-12-25 08:57:23"
"2937","2026","2026-01-17","เสาร์",NULL,NULL,NULL,NULL,NULL,"0","1","0",NULL,"เสาร์-อาทิตย์ (ไม่จัดเวร)","2025-12-25 08:57:23"
"2938","2026","2026-01-18","อาทิตย์",NULL,NULL,NULL,NULL,NULL,"0","1","0",NULL,"เสาร์-อาทิตย์ (ไม่จัดเวร)","2025-12-25 08:57:23"
"2939","2026","2026-01-19","จันทร์","5","16",NULL,NULL,NULL,"1","0","0",NULL," | เช้า: B4, บ่าย: B10","2025-12-25 08:57:23"
"2940","2026","2026-01-20","อังคาร","4","17",NULL,NULL,NULL,"1","0","0",NULL," | เช้า: B9, บ่าย: B2","2025-12-25 08:57:23"
"2941","2026","2026-01-21","พุธ","8","18",NULL,NULL,NULL,"1","0","0",NULL," | เช้า: B6, บ่าย: B14","2025-12-25 08:57:23"
"2942","2026","2026-01-22","พฤหัสบดี","9","19",NULL,NULL,NULL,"1","0","0",NULL," | เช้า: B15, บ่าย: B3","2025-12-25 08:57:23"
"2943","2026","2026-01-23","ศุกร์","1","11",NULL,NULL,NULL,"1","0","0",NULL," | เช้า: B5, บ่าย: B7","2025-12-25 08:57:23"
"2944","2026","2026-01-24","เสาร์",NULL,NULL,NULL,NULL,NULL,"0","1","0",NULL,"เสาร์-อาทิตย์ (ไม่จัดเวร)","2025-12-25 08:57:23"
"2945","2026","2026-01-25","อาทิตย์",NULL,NULL,NULL,NULL,NULL,"0","1","0",NULL,"เสาร์-อาทิตย์ (ไม่จัดเวร)","2025-12-25 08:57:23"
"2946","2026","2026-01-26","จันทร์","3","20",NULL,NULL,NULL,"1","0","0",NULL," | เช้า: B8, บ่าย: B6","2025-12-25 08:57:23"
"2947","2026","2026-01-27","อังคาร","8","21",NULL,NULL,NULL,"1","0","0",NULL," | เช้า: B1, บ่าย: B4","2025-12-25 08:57:23"
"2948","2026","2026-01-28","พุธ","4","23",NULL,NULL,NULL,"1","0","0",NULL," | เช้า: B7, บ่าย: B5","2025-12-25 08:57:23"
"2949","2026","2026-01-29","พฤหัสบดี","7","24",NULL,NULL,NULL,"1","0","0",NULL," | เช้า: B11, บ่าย: B10","2025-12-25 08:57:23"
"2950","2026","2026-01-30","ศุกร์","9","25",NULL,NULL,NULL,"1","0","0",NULL," | เช้า: B13, บ่าย: B3","2025-12-25 08:57:23"
"2951","2026","2026-01-31","เสาร์",NULL,NULL,NULL,NULL,NULL,"0","1","0",NULL,"เสาร์-อาทิตย์ (ไม่จัดเวร)","2025-12-25 08:57:23"
"2952","2026","2026-02-01","อาทิตย์",NULL,NULL,NULL,NULL,NULL,"0","1","0",NULL,"เสาร์-อาทิตย์ (ไม่จัดเวร)","2025-12-25 08:57:23"
"2953","2026","2026-02-02","จันทร์","10","12",NULL,NULL,NULL,"1","0","0",NULL," | เช้า: B14, บ่าย: B9","2025-12-25 08:57:23"
"2954","2026","2026-02-03","อังคาร","1","13",NULL,NULL,NULL,"1","0","0",NULL," | เช้า: B15, บ่าย: B8","2025-12-25 08:57:23"
"2955","2026","2026-02-04","พุธ","3","14",NULL,NULL,NULL,"1","0","0",NULL," | เช้า: B2, บ่าย: B11","2025-12-25 08:57:23"
"2956","2026","2026-02-05","พฤหัสบดี","4","15",NULL,NULL,NULL,"1","0","0",NULL," | เช้า: B3, บ่าย: B1","2025-12-25 08:57:23"
"2957","2026","2026-02-06","ศุกร์","2","16",NULL,NULL,NULL,"1","0","0",NULL," | เช้า: B4, บ่าย: B2","2025-12-25 08:57:23"
"2958","2026","2026-02-07","เสาร์",NULL,NULL,NULL,NULL,NULL,"0","1","0",NULL,"เสาร์-อาทิตย์ (ไม่จัดเวร)","2025-12-25 08:57:23"
"2959","2026","2026-02-08","อาทิตย์",NULL,NULL,NULL,NULL,NULL,"0","1","0",NULL,"เสาร์-อาทิตย์ (ไม่จัดเวร)","2025-12-25 08:57:23"
"2960","2026","2026-02-09","จันทร์","7","22",NULL,NULL,NULL,"1","0","0",NULL," | เช้า: B10, บ่าย: B13","2025-12-25 08:57:23"
"2961","2026","2026-02-10","อังคาร","5","18",NULL,NULL,NULL,"1","0","0",NULL," | เช้า: B6, บ่าย: B14","2025-12-25 08:57:23"
"2962","2026","2026-02-11","พุธ","6","17",NULL,NULL,NULL,"1","0","0",NULL," | เช้า: B12, บ่าย: B15","2025-12-25 08:57:23"
"2963","2026","2026-02-12","พฤหัสบดี","8","19",NULL,NULL,NULL,"1","0","0",NULL," | เช้า: B5, บ่าย: B8","2025-12-25 08:57:23"
"2964","2026","2026-02-13","ศุกร์","9","20",NULL,NULL,NULL,"1","0","0",NULL," | เช้า: B12, บ่าย: B7","2025-12-25 08:57:23"
"2965","2026","2026-02-14","เสาร์",NULL,NULL,NULL,NULL,NULL,"0","1","0",NULL,"เสาร์-อาทิตย์ (ไม่จัดเวร)","2025-12-25 08:57:23"
"2966","2026","2026-02-15","อาทิตย์",NULL,NULL,NULL,NULL,NULL,"0","1","0",NULL,"เสาร์-อาทิตย์ (ไม่จัดเวร)","2025-12-25 08:57:23"
"2967","2026","2026-02-16","จันทร์","2","21",NULL,NULL,NULL,"1","0","0",NULL," | เช้า: B9, บ่าย: A7","2025-12-25 08:57:23"
"2968","2026","2026-02-17","อังคาร","3","11",NULL,NULL,NULL,"1","0","0",NULL," | เช้า: B12, บ่าย: B2","2025-12-25 08:57:23"
"2969","2026","2026-02-18","พุธ","1","24",NULL,NULL,NULL,"1","0","0",NULL," | เช้า: B11, บ่าย: B4","2025-12-25 08:57:23"
"2970","2026","2026-02-19","พฤหัสบดี","10","25",NULL,NULL,NULL,"1","0","0",NULL," | เช้า: B12, บ่าย: A3","2025-12-25 08:57:23"
"2971","2026","2026-02-20","ศุกร์","4","23",NULL,NULL,NULL,"1","0","0",NULL," | เช้า: B6, บ่าย: B5","2025-12-25 08:57:23"
"2972","2026","2026-02-21","เสาร์",NULL,NULL,NULL,NULL,NULL,"0","1","0",NULL,"เสาร์-อาทิตย์ (ไม่จัดเวร)","2025-12-25 08:57:23"
"2973","2026","2026-02-22","อาทิตย์",NULL,NULL,NULL,NULL,NULL,"0","1","0",NULL,"เสาร์-อาทิตย์ (ไม่จัดเวร)","2025-12-25 08:57:23"
"2974","2026","2026-02-23","จันทร์","8","22",NULL,NULL,NULL,"1","0","0",NULL," | เช้า: B1, บ่าย: B15","2025-12-25 08:57:23"
"2975","2026","2026-02-24","อังคาร","6","14",NULL,NULL,NULL,"1","0","0",NULL," | เช้า: B7, บ่าย: B10","2025-12-25 08:57:23"
"2976","2026","2026-02-25","พุธ","5","12",NULL,NULL,NULL,"1","0","0",NULL," | เช้า: B12, บ่าย: B13","2025-12-25 08:57:23"
"2977","2026","2026-02-26","พฤหัสบดี","7","13",NULL,NULL,NULL,"1","0","0",NULL," | เช้า: B14, บ่าย: B9","2025-12-25 08:57:23"
"2978","2026","2026-02-27","ศุกร์","9","17",NULL,NULL,NULL,"1","0","0",NULL," | เช้า: B8, บ่าย: B12","2025-12-25 08:57:23"
"2979","2026","2026-02-28","เสาร์",NULL,NULL,NULL,NULL,NULL,"0","1","0",NULL,"เสาร์-อาทิตย์ (ไม่จัดเวร)","2025-12-25 08:57:23"
"2980","2026","2026-03-01","อาทิตย์",NULL,NULL,NULL,NULL,NULL,"0","1","0",NULL,"เสาร์-อาทิตย์ (ไม่จัดเวร)","2025-12-25 08:57:23"
"2981","2026","2026-03-02","จันทร์","4","15",NULL,NULL,NULL,"1","0","0",NULL," | เช้า: B3, บ่าย: A10","2025-12-25 08:57:23"
"2982","2026","2026-03-03","อังคาร",NULL,NULL,NULL,NULL,NULL,"0","0","1","วันมาฆบูชา","วันหยุดราชการ (ไม่จัดเวร)","2025-12-25 08:57:23"
"2983","2026","2026-03-04","พุธ",NULL,NULL,NULL,NULL,NULL,"1","0","0",NULL," | เช้า: A2, บ่าย: A9","2025-12-25 08:57:23"
"2984","2026","2026-03-05","พฤหัสบดี","1","16",NULL,NULL,NULL,"1","0","0",NULL," | เช้า: A8, บ่าย: B12","2025-12-25 08:57:23"
"2985","2026","2026-03-06","ศุกร์",NULL,NULL,NULL,NULL,NULL,"1","0","0",NULL," | เช้า: A3, บ่าย: A7","2025-12-25 08:57:23"
"2986","2026","2026-03-07","เสาร์",NULL,NULL,NULL,NULL,NULL,"0","1","0",NULL,"เสาร์-อาทิตย์ (ไม่จัดเวร)","2025-12-25 08:57:23"
"2987","2026","2026-03-08","อาทิตย์",NULL,NULL,NULL,NULL,NULL,"0","1","0",NULL,"เสาร์-อาทิตย์ (ไม่จัดเวร)","2025-12-25 08:57:23"
"2988","2026","2026-03-09","จันทร์","10","18",NULL,NULL,NULL,"1","0","0",NULL," | เช้า: B4, บ่าย: B11","2025-12-25 08:57:23"
"2989","2026","2026-03-10","อังคาร","2","22",NULL,NULL,NULL,"1","0","0",NULL," | เช้า: B13, บ่าย: B6","2025-12-25 08:57:23"
"2990","2026","2026-03-11","พุธ",NULL,NULL,NULL,NULL,NULL,"1","0","0",NULL," | เช้า: B2, บ่าย: B1","2025-12-25 08:57:23"
"2991","2026","2026-03-12","พฤหัสบดี","5","19",NULL,NULL,NULL,"1","0","0",NULL," | เช้า: B10, บ่าย: B14","2025-12-25 08:57:23"
"2992","2026","2026-03-13","ศุกร์",NULL,NULL,NULL,NULL,NULL,"1","0","0",NULL," | เช้า: B15, บ่าย: B3","2025-12-25 08:57:23"
"2993","2026","2026-03-14","เสาร์",NULL,NULL,NULL,NULL,NULL,"0","1","0",NULL,"เสาร์-อาทิตย์ (ไม่จัดเวร)","2025-12-25 08:57:23"
"2994","2026","2026-03-15","อาทิตย์",NULL,NULL,NULL,NULL,NULL,"0","1","0",NULL,"เสาร์-อาทิตย์ (ไม่จัดเวร)","2025-12-25 08:57:23"
"2995","2026","2026-03-16","จันทร์","3","23",NULL,NULL,NULL,"1","0","0",NULL," | เช้า: B9, บ่าย: B5","2025-12-25 08:57:23"
"2996","2026","2026-03-17","อังคาร","6","24",NULL,NULL,NULL,"1","0","0",NULL," | เช้า: B7, บ่าย: B8","2025-12-25 08:57:23"
"2997","2026","2026-03-18","พุธ",NULL,NULL,NULL,NULL,NULL,"1","0","0",NULL," | เช้า: A9, บ่าย: A2","2025-12-25 08:57:23"
"2998","2026","2026-03-19","พฤหัสบดี","8","11",NULL,NULL,NULL,"1","0","0",NULL," | เช้า: A10, บ่าย: A4","2025-12-25 08:57:23"
"2999","2026","2026-03-20","ศุกร์",NULL,NULL,NULL,NULL,NULL,"1","0","0",NULL," | เช้า: A3, บ่าย: B12","2025-12-25 08:57:23"
"3000","2026","2026-03-21","เสาร์",NULL,NULL,NULL,NULL,NULL,"0","1","0",NULL,"เสาร์-อาทิตย์ (ไม่จัดเวร)","2025-12-25 08:57:23"
"3001","2026","2026-03-22","อาทิตย์",NULL,NULL,NULL,NULL,NULL,"0","1","0",NULL,"เสาร์-อาทิตย์ (ไม่จัดเวร)","2025-12-25 08:57:23"
"3002","2026","2026-03-23","จันทร์","7","13",NULL,NULL,NULL,"1","0","0",NULL," | เช้า: A8, บ่าย: B11","2025-12-25 08:57:23"
"3003","2026","2026-03-24","อังคาร","9","25",NULL,NULL,NULL,"1","0","0",NULL," | เช้า: B4, บ่าย: B1","2025-12-25 08:57:23"
"3004","2026","2026-03-25","พุธ",NULL,NULL,NULL,NULL,NULL,"1","0","0",NULL," | เช้า: A7, บ่าย: B13","2025-12-25 08:57:23"
"3005","2026","2026-03-26","พฤหัสบดี","6","20",NULL,NULL,NULL,"1","0","0",NULL," | เช้า: B6, บ่าย: B2","2025-12-25 08:57:23"
"3006","2026","2026-03-27","ศุกร์",NULL,NULL,NULL,NULL,NULL,"1","0","0",NULL," | เช้า: B14, บ่าย: B15","2025-12-25 08:57:23"
"3007","2026","2026-03-28","เสาร์",NULL,NULL,NULL,NULL,NULL,"0","1","0",NULL,"เสาร์-อาทิตย์ (ไม่จัดเวร)","2025-12-25 08:57:23"
"3008","2026","2026-03-29","อาทิตย์",NULL,NULL,NULL,NULL,NULL,"0","1","0",NULL,"เสาร์-อาทิตย์ (ไม่จัดเวร)","2025-12-25 08:57:23"
"3009","2026","2026-03-30","จันทร์","1","14",NULL,NULL,NULL,"1","0","0",NULL," | เช้า: B5, บ่าย: B7","2025-12-25 08:57:23"
"3010","2026","2026-03-31","อังคาร","2","21",NULL,NULL,NULL,"1","0","0",NULL," | เช้า: B3, บ่าย: B10","2025-12-25 08:57:23"
"3011","2026","2026-04-01","พุธ",NULL,NULL,NULL,NULL,NULL,"1","0","0",NULL," | เช้า: B9, บ่าย: B8","2025-12-25 08:57:23"
"3012","2026","2026-04-02","พฤหัสบดี","4","12",NULL,NULL,NULL,"1","0","0",NULL," | เช้า: A1, บ่าย: A6","2025-12-25 08:57:23"
"3013","2026","2026-04-03","ศุกร์",NULL,NULL,NULL,NULL,NULL,"1","0","0",NULL," | เช้า: A2, บ่าย: A8","2025-12-25 08:57:23"
"3014","2026","2026-04-04","เสาร์",NULL,NULL,NULL,NULL,NULL,"0","1","0",NULL,"เสาร์-อาทิตย์ (ไม่จัดเวร)","2025-12-25 08:57:23"
"3015","2026","2026-04-05","อาทิตย์",NULL,NULL,NULL,NULL,NULL,"0","1","0",NULL,"เสาร์-อาทิตย์ (ไม่จัดเวร)","2025-12-25 08:57:23"
"3016","2026","2026-04-06","จันทร์",NULL,NULL,NULL,NULL,NULL,"0","0","1","วันจักรี","วันหยุดราชการ (ไม่จัดเวร)","2025-12-25 08:57:23"
"3017","2026","2026-04-07","อังคาร","5","15",NULL,NULL,NULL,"1","0","0",NULL," | เช้า: A4, บ่าย: A9","2025-12-25 08:57:23"
"3018","2026","2026-04-08","พุธ",NULL,NULL,NULL,NULL,NULL,"1","0","0",NULL," | เช้า: A10, บ่าย: A3","2025-12-25 08:57:23"
"3019","2026","2026-04-09","พฤหัสบดี","1","17",NULL,NULL,NULL,"1","0","0",NULL," | เช้า: A7, บ่าย: B4","2025-12-25 08:57:23"
"3020","2026","2026-04-10","ศุกร์",NULL,NULL,NULL,NULL,NULL,"1","0","0",NULL," | เช้า: B1, บ่าย: B6","2025-12-25 08:57:23"
"3021","2026","2026-04-11","เสาร์",NULL,NULL,NULL,NULL,NULL,"0","1","0",NULL,"เสาร์-อาทิตย์ (ไม่จัดเวร)","2025-12-25 08:57:23"
"3022","2026","2026-04-12","อาทิตย์",NULL,NULL,NULL,NULL,NULL,"0","1","0",NULL,"เสาร์-อาทิตย์ (ไม่จัดเวร)","2025-12-25 08:57:23"
"3023","2026","2026-04-13","จันทร์",NULL,NULL,NULL,NULL,NULL,"0","0","1","วันสงกรานต์","วันหยุดราชการ (ไม่จัดเวร)","2025-12-25 08:57:23"
"3024","2026","2026-04-14","อังคาร",NULL,NULL,NULL,NULL,NULL,"0","0","1","วันสงกรานต์","วันหยุดราชการ (ไม่จัดเวร)","2025-12-25 08:57:23"
"3025","2026","2026-04-15","พุธ",NULL,NULL,NULL,NULL,NULL,"0","0","1","วันสงกรานต์","วันหยุดราชการ (ไม่จัดเวร)","2025-12-25 08:57:23"
"3026","2026","2026-04-16","พฤหัสบดี","2","18",NULL,NULL,NULL,"1","0","0",NULL," | เช้า: B11, บ่าย: B12","2025-12-25 08:57:23"
"3027","2026","2026-04-17","ศุกร์",NULL,NULL,NULL,NULL,NULL,"1","0","0",NULL," | เช้า: B13, บ่าย: B14","2025-12-25 08:57:23"
"3028","2026","2026-04-18","เสาร์",NULL,NULL,NULL,NULL,NULL,"0","1","0",NULL,"เสาร์-อาทิตย์ (ไม่จัดเวร)","2025-12-25 08:57:23"
"3029","2026","2026-04-19","อาทิตย์",NULL,NULL,NULL,NULL,NULL,"0","1","0",NULL,"เสาร์-อาทิตย์ (ไม่จัดเวร)","2025-12-25 08:57:23"
"3030","2026","2026-04-20","จันทร์","6","16",NULL,NULL,NULL,"1","0","0",NULL," | เช้า: B15, บ่าย: B3","2025-12-25 08:57:23"
"3031","2026","2026-04-21","อังคาร","10","22",NULL,NULL,NULL,"1","0","0",NULL," | เช้า: B2, บ่าย: B9","2025-12-25 08:57:23"
"3032","2026","2026-04-22","พุธ",NULL,NULL,NULL,NULL,NULL,"1","0","0",NULL," | เช้า: B10, บ่าย: B5","2025-12-25 08:57:23"
"3033","2026","2026-04-23","พฤหัสบดี","3","19",NULL,NULL,NULL,"1","0","0",NULL," | เช้า: B8, บ่าย: B7","2025-12-25 08:57:23"
"3034","2026","2026-04-24","ศุกร์",NULL,NULL,NULL,NULL,NULL,"1","0","0",NULL," | เช้า: A5, บ่าย: A1","2025-12-25 08:57:23"
"3035","2026","2026-04-25","เสาร์",NULL,NULL,NULL,NULL,NULL,"0","1","0",NULL,"เสาร์-อาทิตย์ (ไม่จัดเวร)","2025-12-25 08:57:23"
"3036","2026","2026-04-26","อาทิตย์",NULL,NULL,NULL,NULL,NULL,"0","1","0",NULL,"เสาร์-อาทิตย์ (ไม่จัดเวร)","2025-12-25 08:57:23"
"3037","2026","2026-04-27","จันทร์","8","24",NULL,NULL,NULL,"1","0","0",NULL," | เช้า: A6, บ่าย: A2","2025-12-25 08:57:23"
"3038","2026","2026-04-28","อังคาร","7","23",NULL,NULL,NULL,"1","0","0",NULL," | เช้า: A9, บ่าย: A10","2025-12-25 08:57:23"
"3039","2026","2026-04-29","พุธ",NULL,NULL,NULL,NULL,NULL,"1","0","0",NULL," | เช้า: A4, บ่าย: A8","2025-12-25 08:57:23"
"3040","2026","2026-04-30","พฤหัสบดี","9","21",NULL,NULL,NULL,"1","0","0",NULL," | เช้า: A3, บ่าย: A7","2025-12-25 08:57:23"
"3041","2026","2026-05-01","ศุกร์",NULL,NULL,NULL,NULL,NULL,"1","0","0",NULL,"วันแรงงานแห่งชาติ (จัดเวรปกติ) |  | เช้า: B1, บ่าย: B4","2025-12-25 08:57:23"
"3042","2026","2026-05-02","เสาร์",NULL,NULL,NULL,NULL,NULL,"0","1","0",NULL,"เสาร์-อาทิตย์ (ไม่จัดเวร)","2025-12-25 08:57:23"
"3043","2026","2026-05-03","อาทิตย์",NULL,NULL,NULL,NULL,NULL,"0","1","0",NULL,"เสาร์-อาทิตย์ (ไม่จัดเวร)","2025-12-25 08:57:23"
"3044","2026","2026-05-04","จันทร์",NULL,NULL,NULL,NULL,NULL,"0","0","1","วันฉัตรมงคล","วันหยุดราชการ (ไม่จัดเวร)","2025-12-25 08:57:23"
"3045","2026","2026-05-05","อังคาร","4","16",NULL,NULL,NULL,"1","0","0",NULL," | เช้า: B11, บ่าย: B13","2025-12-25 08:57:23"
"3046","2026","2026-05-06","พุธ",NULL,NULL,NULL,NULL,NULL,"1","0","0",NULL," | เช้า: B14, บ่าย: B15","2025-12-25 08:57:23"
"3047","2026","2026-05-07","พฤหัสบดี","5","22",NULL,NULL,NULL,"1","0","0",NULL," | เช้า: B6, บ่าย: B2","2025-12-25 08:57:23"
"3048","2026","2026-05-08","ศุกร์",NULL,NULL,NULL,NULL,NULL,"1","0","0",NULL," | เช้า: B5, บ่าย: B10","2025-12-25 08:57:23"
"3049","2026","2026-05-09","เสาร์",NULL,NULL,NULL,NULL,NULL,"0","1","0",NULL,"เสาร์-อาทิตย์ (ไม่จัดเวร)","2025-12-25 08:57:23"
"3050","2026","2026-05-10","อาทิตย์",NULL,NULL,NULL,NULL,NULL,"0","1","0",NULL,"เสาร์-อาทิตย์ (ไม่จัดเวร)","2025-12-25 08:57:23"
"3051","2026","2026-05-11","จันทร์","2","17",NULL,NULL,NULL,"1","0","0",NULL,"วันพืชมงคล (รอประกาศยืนยันจากราชการ, จัดเวรปกติไปก่อน) |  | เช้า: B3, บ่าย: B12","2025-12-25 08:57:23"
"3052","2026","2026-05-12","อังคาร","1","11",NULL,NULL,NULL,"1","0","0",NULL," | เช้า: B9, บ่าย: B8","2025-12-25 08:57:23"
"3053","2026","2026-05-13","พุธ",NULL,NULL,NULL,NULL,NULL,"1","0","0",NULL," | เช้า: B7, บ่าย: A5","2025-12-25 08:57:23"
"3054","2026","2026-05-14","พฤหัสบดี","6","20",NULL,NULL,NULL,"1","0","0",NULL," | เช้า: A1, บ่าย: A4","2025-12-25 08:57:23"
"3055","2026","2026-05-15","ศุกร์",NULL,NULL,NULL,NULL,NULL,"1","0","0",NULL," | เช้า: A2, บ่าย: A8","2025-12-25 08:57:23"
"3056","2026","2026-05-16","เสาร์",NULL,NULL,NULL,NULL,NULL,"0","1","0",NULL,"เสาร์-อาทิตย์ (ไม่จัดเวร)","2025-12-25 08:57:23"
"3057","2026","2026-05-17","อาทิตย์",NULL,NULL,NULL,NULL,NULL,"0","1","0",NULL,"เสาร์-อาทิตย์ (ไม่จัดเวร)","2025-12-25 08:57:23"
"3058","2026","2026-05-18","จันทร์","9","25",NULL,NULL,NULL,"1","0","0",NULL," | เช้า: A6, บ่าย: A10","2025-12-25 08:57:23"
"3059","2026","2026-05-19","อังคาร","3","12",NULL,NULL,NULL,"1","0","0",NULL," | เช้า: A7, บ่าย: B11","2025-12-25 08:57:23"
"3060","2026","2026-05-20","พุธ",NULL,NULL,NULL,NULL,NULL,"1","0","0",NULL," | เช้า: A9, บ่าย: B1","2025-12-25 08:57:23"
"3061","2026","2026-05-21","พฤหัสบดี","10","13",NULL,NULL,NULL,"1","0","0",NULL," | เช้า: A3, บ่าย: B14","2025-12-25 08:57:23"
"3062","2026","2026-05-22","ศุกร์",NULL,NULL,NULL,NULL,NULL,"1","0","0",NULL," | เช้า: B15, บ่าย: B6","2025-12-25 08:57:23"
"3063","2026","2026-05-23","เสาร์",NULL,NULL,NULL,NULL,NULL,"0","1","0",NULL,"เสาร์-อาทิตย์ (ไม่จัดเวร)","2025-12-25 08:57:23"
"3064","2026","2026-05-24","อาทิตย์",NULL,NULL,NULL,NULL,NULL,"0","1","0",NULL,"เสาร์-อาทิตย์ (ไม่จัดเวร)","2025-12-25 08:57:23"
"3065","2026","2026-05-25","จันทร์","7","14",NULL,NULL,NULL,"1","0","0",NULL," | เช้า: B13, บ่าย: B9","2025-12-25 08:57:23"
"3066","2026","2026-05-26","อังคาร","8","15",NULL,NULL,NULL,"1","0","0",NULL," | เช้า: B10, บ่าย: B3","2025-12-25 08:57:23"
"3067","2026","2026-05-27","พุธ",NULL,NULL,NULL,NULL,NULL,"1","0","0",NULL," | เช้า: B4, บ่าย: B12","2025-12-25 08:57:23"
"3068","2026","2026-05-28","พฤหัสบดี","4","18",NULL,NULL,NULL,"1","0","0",NULL," | เช้า: B2, บ่าย: B5","2025-12-25 08:57:23"
"3069","2026","2026-05-29","ศุกร์",NULL,NULL,NULL,NULL,NULL,"1","0","0",NULL," | เช้า: B7, บ่าย: A6","2025-12-25 08:57:23"
"3070","2026","2026-05-30","เสาร์",NULL,NULL,NULL,NULL,NULL,"0","1","0",NULL,"เสาร์-อาทิตย์ (ไม่จัดเวร)","2025-12-25 08:57:23"
"3071","2026","2026-05-31","อาทิตย์",NULL,NULL,NULL,NULL,NULL,"0","1","0",NULL,"เสาร์-อาทิตย์ (ไม่จัดเวร)","2025-12-25 08:57:23"
"3072","2026","2026-06-01","จันทร์",NULL,NULL,NULL,NULL,NULL,"0","0","1","วันหยุดชดเชยวิสาขบูชา","วันหยุดราชการ (ไม่จัดเวร)","2025-12-25 08:57:23"
"3073","2026","2026-06-02","อังคาร","5","19",NULL,NULL,NULL,"1","0","0",NULL," | เช้า: B8, บ่าย: A2","2025-12-25 08:57:23"
"3074","2026","2026-06-03","พุธ",NULL,NULL,NULL,NULL,NULL,"0","0","1","วันเฉลิมพระชนมพรรษา พระบรมราชินี","วันหยุดราชการ (ไม่จัดเวร)","2025-12-25 08:57:23"
"3075","2026","2026-06-04","พฤหัสบดี","1","23",NULL,NULL,NULL,"1","0","0",NULL," | เช้า: A8, บ่าย: A9","2025-12-25 08:57:23"
"3076","2026","2026-06-05","ศุกร์",NULL,NULL,NULL,NULL,NULL,"1","0","0",NULL," | เช้า: A5, บ่าย: A3","2025-12-25 08:57:23"
"3077","2026","2026-06-06","เสาร์",NULL,NULL,NULL,NULL,NULL,"0","1","0",NULL,"เสาร์-อาทิตย์ (ไม่จัดเวร)","2025-12-25 08:57:23"
"3078","2026","2026-06-07","อาทิตย์",NULL,NULL,NULL,NULL,NULL,"0","1","0",NULL,"เสาร์-อาทิตย์ (ไม่จัดเวร)","2025-12-25 08:57:23"
"3079","2026","2026-06-08","จันทร์","4","24",NULL,NULL,NULL,"1","0","0",NULL," | เช้า: A1, บ่าย: A10","2025-12-25 08:57:23"
"3080","2026","2026-06-09","อังคาร","2","17",NULL,NULL,NULL,"1","0","0",NULL," | เช้า: A7, บ่าย: B1","2025-12-25 08:57:23"
"3081","2026","2026-06-10","พุธ",NULL,NULL,NULL,NULL,NULL,"1","0","0",NULL," | เช้า: A4, บ่าย: B15","2025-12-25 08:57:23"
"3082","2026","2026-06-11","พฤหัสบดี","6","11",NULL,NULL,NULL,"1","0","0",NULL," | เช้า: B4, บ่าย: B11","2025-12-25 08:57:23"
"3083","2026","2026-06-12","ศุกร์",NULL,NULL,NULL,NULL,NULL,"1","0","0",NULL," | เช้า: B12, บ่าย: B13","2025-12-25 08:57:23"
"3084","2026","2026-06-13","เสาร์",NULL,NULL,NULL,NULL,NULL,"0","1","0",NULL,"เสาร์-อาทิตย์ (ไม่จัดเวร)","2025-12-25 08:57:23"
"3085","2026","2026-06-14","อาทิตย์",NULL,NULL,NULL,NULL,NULL,"0","1","0",NULL,"เสาร์-อาทิตย์ (ไม่จัดเวร)","2025-12-25 08:57:23"
"3086","2026","2026-06-15","จันทร์","9","20",NULL,NULL,NULL,"1","0","0",NULL," | เช้า: B6, บ่าย: B14","2025-12-25 08:57:23"
"3087","2026","2026-06-16","อังคาร","10","25",NULL,NULL,NULL,"1","0","0",NULL," | เช้า: B5, บ่าย: B7","2025-12-25 08:57:23"
"3088","2026","2026-06-17","พุธ",NULL,NULL,NULL,NULL,NULL,"1","0","0",NULL," | เช้า: B10, บ่าย: B2","2025-12-25 08:57:23"
"3089","2026","2026-06-18","พฤหัสบดี","3","21",NULL,NULL,NULL,"1","0","0",NULL," | เช้า: B3, บ่าย: B9","2025-12-25 08:57:23"
"3090","2026","2026-06-19","ศุกร์",NULL,NULL,NULL,NULL,NULL,"1","0","0",NULL," | เช้า: B8, บ่าย: A5","2025-12-25 08:57:23"
"3091","2026","2026-06-20","เสาร์",NULL,NULL,NULL,NULL,NULL,"0","1","0",NULL,"เสาร์-อาทิตย์ (ไม่จัดเวร)","2025-12-25 08:57:23"
"3092","2026","2026-06-21","อาทิตย์",NULL,NULL,NULL,NULL,NULL,"0","1","0",NULL,"เสาร์-อาทิตย์ (ไม่จัดเวร)","2025-12-25 08:57:23"
"3093","2026","2026-06-22","จันทร์","8","12",NULL,NULL,NULL,"1","0","0",NULL," | เช้า: A6, บ่าย: A1","2025-12-25 08:57:23"
"3094","2026","2026-06-23","อังคาร","7","13",NULL,NULL,NULL,"1","0","0",NULL," | เช้า: A10, บ่าย: A4","2025-12-25 08:57:23"
"3095","2026","2026-06-24","พุธ",NULL,NULL,NULL,NULL,NULL,"1","0","0",NULL," | เช้า: A2, บ่าย: A9","2025-12-25 08:57:23"
"3096","2026","2026-06-25","พฤหัสบดี","5","22",NULL,NULL,NULL,"1","0","0",NULL," | เช้า: A8, บ่าย: A3","2025-12-25 08:57:23"
"3097","2026","2026-06-26","ศุกร์",NULL,NULL,NULL,NULL,NULL,"1","0","0",NULL," | เช้า: A7, บ่าย: B4","2025-12-25 08:57:23"
"3098","2026","2026-06-27","เสาร์",NULL,NULL,NULL,NULL,NULL,"0","1","0",NULL,"เสาร์-อาทิตย์ (ไม่จัดเวร)","2025-12-25 08:57:23"
"3099","2026","2026-06-28","อาทิตย์",NULL,NULL,NULL,NULL,NULL,"0","1","0",NULL,"เสาร์-อาทิตย์ (ไม่จัดเวร)","2025-12-25 08:57:23"
"3100","2026","2026-06-29","จันทร์","1","15",NULL,NULL,NULL,"1","0","0",NULL," | เช้า: B1, บ่าย: B6","2025-12-25 08:57:23"
"3101","2026","2026-06-30","อังคาร","4","14",NULL,NULL,NULL,"1","0","0",NULL," | เช้า: B15, บ่าย: B10","2025-12-25 08:57:23"
"3102","2026","2026-07-01","พุธ","9","16",NULL,NULL,NULL,"1","0","0",NULL," | เช้า: B11, บ่าย: B3","2025-12-25 08:57:23"
"3103","2026","2026-07-02","พฤหัสบดี","2","18",NULL,NULL,NULL,"1","0","0",NULL," | เช้า: B13, บ่าย: B5","2025-12-25 08:57:23"
"3104","2026","2026-07-03","ศุกร์","10","19",NULL,NULL,NULL,"1","0","0",NULL," | เช้า: B14, บ่าย: B12","2025-12-25 08:57:23"
"3105","2026","2026-07-04","เสาร์",NULL,NULL,NULL,NULL,NULL,"0","1","0",NULL,"เสาร์-อาทิตย์ (ไม่จัดเวร)","2025-12-25 08:57:23"
"3106","2026","2026-07-05","อาทิตย์",NULL,NULL,NULL,NULL,NULL,"0","1","0",NULL,"เสาร์-อาทิตย์ (ไม่จัดเวร)","2025-12-25 08:57:23"
"3107","2026","2026-07-06","จันทร์","5","23",NULL,NULL,NULL,"1","0","0",NULL," | เช้า: B2, บ่าย: B7","2025-12-25 08:57:23"
"3108","2026","2026-07-07","อังคาร","6","24",NULL,NULL,NULL,"1","0","0",NULL," | เช้า: B9, บ่าย: B8","2025-12-25 08:57:23"
"3109","2026","2026-07-08","พุธ","1","11",NULL,NULL,NULL,"1","0","0",NULL," | เช้า: A5, บ่าย: A2","2025-12-25 08:57:23"
"3110","2026","2026-07-09","พฤหัสบดี","7","17",NULL,NULL,NULL,"1","0","0",NULL," | เช้า: A9, บ่าย: A6","2025-12-25 08:57:23"
"3111","2026","2026-07-10","ศุกร์","3","21",NULL,NULL,NULL,"1","0","0",NULL," | เช้า: A1, บ่าย: A8","2025-12-25 08:57:23"
"3112","2026","2026-07-11","เสาร์",NULL,NULL,NULL,NULL,NULL,"0","1","0",NULL,"เสาร์-อาทิตย์ (ไม่จัดเวร)","2025-12-25 08:57:23"
"3113","2026","2026-07-12","อาทิตย์",NULL,NULL,NULL,NULL,NULL,"0","1","0",NULL,"เสาร์-อาทิตย์ (ไม่จัดเวร)","2025-12-25 08:57:23"
"3114","2026","2026-07-13","จันทร์","4","13",NULL,NULL,NULL,"1","0","0",NULL," | เช้า: A10, บ่าย: A7","2025-12-25 08:57:23"
"3115","2026","2026-07-14","อังคาร","8","20",NULL,NULL,NULL,"1","0","0",NULL," | เช้า: A3, บ่าย: B4","2025-12-25 08:57:23"
"3116","2026","2026-07-15","พุธ","10","25",NULL,NULL,NULL,"1","0","0",NULL," | เช้า: A4, บ่าย: B1","2025-12-25 08:57:23"
"3117","2026","2026-07-16","พฤหัสบดี","9","12",NULL,NULL,NULL,"1","0","0",NULL," | เช้า: B13, บ่าย: B6","2025-12-25 08:57:23"
"3118","2026","2026-07-17","ศุกร์","1","14",NULL,NULL,NULL,"1","0","0",NULL," | เช้า: B11, บ่าย: B15","2025-12-25 08:57:23"
"3119","2026","2026-07-18","เสาร์",NULL,NULL,NULL,NULL,NULL,"0","1","0",NULL,"เสาร์-อาทิตย์ (ไม่จัดเวร)","2025-12-25 08:57:23"
"3120","2026","2026-07-19","อาทิตย์",NULL,NULL,NULL,NULL,NULL,"0","1","0",NULL,"เสาร์-อาทิตย์ (ไม่จัดเวร)","2025-12-25 08:57:23"
"3121","2026","2026-07-20","จันทร์","3","22",NULL,NULL,NULL,"1","0","0",NULL," | เช้า: B14, บ่าย: B2","2025-12-25 08:57:23"
"3122","2026","2026-07-21","อังคาร","2","15",NULL,NULL,NULL,"1","0","0",NULL," | เช้า: B3, บ่าย: B9","2025-12-25 08:57:23"
"3123","2026","2026-07-22","พุธ","5","16",NULL,NULL,NULL,"1","0","0",NULL," | เช้า: B12, บ่าย: B10","2025-12-25 08:57:23"
"3124","2026","2026-07-23","พฤหัสบดี","8","18",NULL,NULL,NULL,"1","0","0",NULL," | เช้า: B5, บ่าย: B7","2025-12-25 08:57:23"
"3125","2026","2026-07-24","ศุกร์","6","19",NULL,NULL,NULL,"1","0","0",NULL," | เช้า: A5, บ่าย: A1","2025-12-25 08:57:23"
"3126","2026","2026-07-25","เสาร์",NULL,NULL,NULL,NULL,NULL,"0","1","0",NULL,"เสาร์-อาทิตย์ (ไม่จัดเวร)","2025-12-25 08:57:23"
"3127","2026","2026-07-26","อาทิตย์",NULL,NULL,NULL,NULL,NULL,"0","1","0",NULL,"เสาร์-อาทิตย์ (ไม่จัดเวร)","2025-12-25 08:57:23"
"3128","2026","2026-07-27","จันทร์","4","11",NULL,NULL,NULL,"1","0","0",NULL," | เช้า: B8, บ่าย: A2","2025-12-25 08:57:23"
"3129","2026","2026-07-28","อังคาร",NULL,NULL,NULL,NULL,NULL,"0","0","1","วันเฉลิมพระชนมพรรษา ร.10","วันหยุดราชการ (ไม่จัดเวร)","2025-12-25 08:57:23"
"3130","2026","2026-07-29","พุธ",NULL,NULL,NULL,NULL,NULL,"0","0","1","วันอาสาฬหบูชา","วันหยุดราชการ (ไม่จัดเวร)","2025-12-25 08:57:23"
"3131","2026","2026-07-30","พฤหัสบดี",NULL,NULL,NULL,NULL,NULL,"0","0","1","วันเข้าพรรษา","วันหยุดราชการ (ไม่จัดเวร)","2025-12-25 08:57:23"
"3132","2026","2026-07-31","ศุกร์","7","12",NULL,NULL,NULL,"1","0","0",NULL," | เช้า: A6, บ่าย: A9","2025-12-25 08:57:23"
"3133","2026","2026-08-01","เสาร์",NULL,NULL,NULL,NULL,NULL,"0","1","0",NULL,"เสาร์-อาทิตย์ (ไม่จัดเวร)","2025-12-25 08:57:23"
"3134","2026","2026-08-02","อาทิตย์",NULL,NULL,NULL,NULL,NULL,"0","1","0",NULL,"เสาร์-อาทิตย์ (ไม่จัดเวร)","2025-12-25 08:57:23"
"3135","2026","2026-08-03","จันทร์","10","21",NULL,NULL,NULL,"1","0","0",NULL," | เช้า: A8, บ่าย: A4","2025-12-25 08:57:23"
"3136","2026","2026-08-04","อังคาร","1","23",NULL,NULL,NULL,"1","0","0",NULL," | เช้า: A3, บ่าย: A7","2025-12-25 08:57:23"
"3137","2026","2026-08-05","พุธ","6","20",NULL,NULL,NULL,"1","0","0",NULL," | เช้า: A10, บ่าย: B11","2025-12-25 08:57:24"
"3138","2026","2026-08-06","พฤหัสบดี","3","24",NULL,NULL,NULL,"1","0","0",NULL," | เช้า: B1, บ่าย: B13","2025-12-25 08:57:24"
"3139","2026","2026-08-07","ศุกร์","5","13",NULL,NULL,NULL,"1","0","0",NULL," | เช้า: B15, บ่าย: B12","2025-12-25 08:57:24"
"3140","2026","2026-08-08","เสาร์",NULL,NULL,NULL,NULL,NULL,"0","1","0",NULL,"เสาร์-อาทิตย์ (ไม่จัดเวร)","2025-12-25 08:57:24"
"3141","2026","2026-08-09","อาทิตย์",NULL,NULL,NULL,NULL,NULL,"0","1","0",NULL,"เสาร์-อาทิตย์ (ไม่จัดเวร)","2025-12-25 08:57:24"
"3142","2026","2026-08-10","จันทร์","9","17",NULL,NULL,NULL,"1","0","0",NULL," | เช้า: B4, บ่าย: B14","2025-12-25 08:57:24"
"3143","2026","2026-08-11","อังคาร","4","16",NULL,NULL,NULL,"1","0","0",NULL," | เช้า: B2, บ่าย: B3","2025-12-25 08:57:24"
"3144","2026","2026-08-12","พุธ",NULL,NULL,NULL,NULL,NULL,"0","0","1","วันแม่แห่งชาติ","วันหยุดราชการ (ไม่จัดเวร)","2025-12-25 08:57:24"
"3145","2026","2026-08-13","พฤหัสบดี","2","25",NULL,NULL,NULL,"1","0","0",NULL," | เช้า: B7, บ่าย: B5","2025-12-25 08:57:24"
"3146","2026","2026-08-14","ศุกร์","8","14",NULL,NULL,NULL,"1","0","0",NULL," | เช้า: B6, บ่าย: B10","2025-12-25 08:57:24"
"3147","2026","2026-08-15","เสาร์",NULL,NULL,NULL,NULL,NULL,"0","1","0",NULL,"เสาร์-อาทิตย์ (ไม่จัดเวร)","2025-12-25 08:57:24"
"3148","2026","2026-08-16","อาทิตย์",NULL,NULL,NULL,NULL,NULL,"0","1","0",NULL,"เสาร์-อาทิตย์ (ไม่จัดเวร)","2025-12-25 08:57:24"
"3149","2026","2026-08-17","จันทร์","7","15",NULL,NULL,NULL,"1","0","0",NULL," | เช้า: B9, บ่าย: B8","2025-12-25 08:57:24"
"3150","2026","2026-08-18","อังคาร","9","22",NULL,NULL,NULL,"1","0","0",NULL," | เช้า: A2, บ่าย: A1","2025-12-25 08:57:24"
"3151","2026","2026-08-19","พุธ","5","19",NULL,NULL,NULL,"1","0","0",NULL," | เช้า: A6, บ่าย: A8","2025-12-25 08:57:24"
"3152","2026","2026-08-20","พฤหัสบดี","10","18",NULL,NULL,NULL,"1","0","0",NULL," | เช้า: A9, บ่าย: A3","2025-12-25 08:57:24"
"3153","2026","2026-08-21","ศุกร์","6","11",NULL,NULL,NULL,"1","0","0",NULL," | เช้า: A5, บ่าย: A4","2025-12-25 08:57:24"
"3154","2026","2026-08-22","เสาร์",NULL,NULL,NULL,NULL,NULL,"0","1","0",NULL,"เสาร์-อาทิตย์ (ไม่จัดเวร)","2025-12-25 08:57:24"
"3155","2026","2026-08-23","อาทิตย์",NULL,NULL,NULL,NULL,NULL,"0","1","0",NULL,"เสาร์-อาทิตย์ (ไม่จัดเวร)","2025-12-25 08:57:24"
"3156","2026","2026-08-24","จันทร์","1","12",NULL,NULL,NULL,"1","0","0",NULL," | เช้า: A10, บ่าย: A7","2025-12-25 08:57:24"
"3157","2026","2026-08-25","อังคาร","3","20",NULL,NULL,NULL,"1","0","0",NULL," | เช้า: B1, บ่าย: B15","2025-12-25 08:57:24"
"3158","2026","2026-08-26","พุธ","8","21",NULL,NULL,NULL,"1","0","0",NULL," | เช้า: B12, บ่าย: B13","2025-12-25 08:57:24"
"3159","2026","2026-08-27","พฤหัสบดี","4","14",NULL,NULL,NULL,"1","0","0",NULL," | เช้า: B10, บ่าย: B6","2025-12-25 08:57:24"
"3160","2026","2026-08-28","ศุกร์","2","23",NULL,NULL,NULL,"1","0","0",NULL," | เช้า: B11, บ่าย: B2","2025-12-25 08:57:24"
"3161","2026","2026-08-29","เสาร์",NULL,NULL,NULL,NULL,NULL,"0","1","0",NULL,"เสาร์-อาทิตย์ (ไม่จัดเวร)","2025-12-25 08:57:24"
"3162","2026","2026-08-30","อาทิตย์",NULL,NULL,NULL,NULL,NULL,"0","1","0",NULL,"เสาร์-อาทิตย์ (ไม่จัดเวร)","2025-12-25 08:57:24"
"3163","2026","2026-08-31","จันทร์","7","24",NULL,NULL,NULL,"1","0","0",NULL," | เช้า: B4, บ่าย: B3","2025-12-25 08:57:24"
"3164","2026","2026-09-01","อังคาร","9","25",NULL,NULL,NULL,"1","0","0",NULL," | เช้า: B5, บ่าย: B9","2025-12-25 08:57:24"
"3165","2026","2026-09-02","พุธ",NULL,NULL,NULL,NULL,NULL,"1","0","0",NULL," | เช้า: B7, บ่าย: B14","2025-12-25 08:57:24"
"3166","2026","2026-09-03","พฤหัสบดี","5","16",NULL,NULL,NULL,"1","0","0",NULL," | เช้า: B8, บ่าย: A6","2025-12-25 08:57:24"
"3167","2026","2026-09-04","ศุกร์",NULL,NULL,NULL,NULL,NULL,"1","0","0",NULL," | เช้า: A1, บ่าย: A10","2025-12-25 08:57:24"
"3168","2026","2026-09-05","เสาร์",NULL,NULL,NULL,NULL,NULL,"0","1","0",NULL,"เสาร์-อาทิตย์ (ไม่จัดเวร)","2025-12-25 08:57:24"
"3169","2026","2026-09-06","อาทิตย์",NULL,NULL,NULL,NULL,NULL,"0","1","0",NULL,"เสาร์-อาทิตย์ (ไม่จัดเวร)","2025-12-25 08:57:24"
"3170","2026","2026-09-07","จันทร์","6","13",NULL,NULL,NULL,"1","0","0",NULL," | เช้า: A4, บ่าย: A5","2025-12-25 08:57:24"
"3171","2026","2026-09-08","อังคาร","1","17",NULL,NULL,NULL,"1","0","0",NULL," | เช้า: A2, บ่าย: A8","2025-12-25 08:57:24"
"3172","2026","2026-09-09","พุธ",NULL,NULL,NULL,NULL,NULL,"1","0","0",NULL," | เช้า: A9, บ่าย: A3","2025-12-25 08:57:24"
"3173","2026","2026-09-10","พฤหัสบดี","10","15",NULL,NULL,NULL,"1","0","0",NULL," | เช้า: A7, บ่าย: B11","2025-12-25 08:57:24"
"3174","2026","2026-09-11","ศุกร์",NULL,NULL,NULL,NULL,NULL,"1","0","0",NULL," | เช้า: B13, บ่าย: B1","2025-12-25 08:57:24"
"3175","2026","2026-09-12","เสาร์",NULL,NULL,NULL,NULL,NULL,"0","1","0",NULL,"เสาร์-อาทิตย์ (ไม่จัดเวร)","2025-12-25 08:57:24"
"3176","2026","2026-09-13","อาทิตย์",NULL,NULL,NULL,NULL,NULL,"0","1","0",NULL,"เสาร์-อาทิตย์ (ไม่จัดเวร)","2025-12-25 08:57:24"
"3177","2026","2026-09-14","จันทร์","2","19",NULL,NULL,NULL,"1","0","0",NULL," | เช้า: B15, บ่าย: B4","2025-12-25 08:57:24"
"3178","2026","2026-09-15","อังคาร","3","22",NULL,NULL,NULL,"1","0","0",NULL," | เช้า: B14, บ่าย: B6","2025-12-25 08:57:24"
"3179","2026","2026-09-16","พุธ",NULL,NULL,NULL,NULL,NULL,"1","0","0",NULL," | เช้า: B2, บ่าย: B7","2025-12-25 08:57:24"
"3180","2026","2026-09-17","พฤหัสบดี","8","18",NULL,NULL,NULL,"1","0","0",NULL," | เช้า: B10, บ่าย: B12","2025-12-25 08:57:24"
"3181","2026","2026-09-18","ศุกร์",NULL,NULL,NULL,NULL,NULL,"1","0","0",NULL," | เช้า: B3, บ่าย: B5","2025-12-25 08:57:24"
"3182","2026","2026-09-19","เสาร์",NULL,NULL,NULL,NULL,NULL,"0","1","0",NULL,"เสาร์-อาทิตย์ (ไม่จัดเวร)","2025-12-25 08:57:24"
"3183","2026","2026-09-20","อาทิตย์",NULL,NULL,NULL,NULL,NULL,"0","1","0",NULL,"เสาร์-อาทิตย์ (ไม่จัดเวร)","2025-12-25 08:57:24"
"3184","2026","2026-09-21","จันทร์","4","11",NULL,NULL,NULL,"1","0","0",NULL," | เช้า: B9, บ่าย: B8","2025-12-25 08:57:24"
"3185","2026","2026-09-22","อังคาร","7","21",NULL,NULL,NULL,"1","0","0",NULL," | เช้า: A5, บ่าย: A1","2025-12-25 08:57:24"
"3186","2026","2026-09-23","พุธ",NULL,NULL,NULL,NULL,NULL,"1","0","0",NULL," | เช้า: A8, บ่าย: A2","2025-12-25 08:57:24"
"3187","2026","2026-09-24","พฤหัสบดี","6","20",NULL,NULL,NULL,"1","0","0",NULL," | เช้า: A4, บ่าย: A9","2025-12-25 08:57:24"
"3188","2026","2026-09-25","ศุกร์",NULL,NULL,NULL,NULL,NULL,"1","0","0",NULL," | เช้า: A10, บ่าย: A3","2025-12-25 08:57:24"
"3189","2026","2026-09-26","เสาร์",NULL,NULL,NULL,NULL,NULL,"0","1","0",NULL,"เสาร์-อาทิตย์ (ไม่จัดเวร)","2025-12-25 08:57:24"
"3190","2026","2026-09-27","อาทิตย์",NULL,NULL,NULL,NULL,NULL,"0","1","0",NULL,"เสาร์-อาทิตย์ (ไม่จัดเวร)","2025-12-25 08:57:24"
"3191","2026","2026-09-28","จันทร์","5","23",NULL,NULL,NULL,"1","0","0",NULL," | เช้า: A6, บ่าย: A7","2025-12-25 08:57:24"
"3192","2026","2026-09-29","อังคาร","10","24",NULL,NULL,NULL,"1","0","0",NULL," | เช้า: B6, บ่าย: B11","2025-12-25 08:57:24"
"3193","2026","2026-09-30","พุธ",NULL,NULL,NULL,NULL,NULL,"1","0","0",NULL," | เช้า: B1, บ่าย: B13","2025-12-25 08:57:24"
"3194","2026","2026-10-01","พฤหัสบดี","1","25",NULL,NULL,NULL,"1","0","0",NULL," | เช้า: B7, บ่าย: B14","2025-12-25 08:57:24"
"3195","2026","2026-10-02","ศุกร์",NULL,NULL,NULL,NULL,NULL,"1","0","0",NULL," | เช้า: B12, บ่าย: B2","2025-12-25 08:57:24"
"3196","2026","2026-10-03","เสาร์",NULL,NULL,NULL,NULL,NULL,"0","1","0",NULL,"เสาร์-อาทิตย์ (ไม่จัดเวร)","2025-12-25 08:57:24"
"3197","2026","2026-10-04","อาทิตย์",NULL,NULL,NULL,NULL,NULL,"0","1","0",NULL,"เสาร์-อาทิตย์ (ไม่จัดเวร)","2025-12-25 08:57:24"
"3198","2026","2026-10-05","จันทร์","5","14",NULL,NULL,NULL,"1","0","0",NULL," | เช้า: B15, บ่าย: B10","2025-12-25 08:57:24"
"3199","2026","2026-10-06","อังคาร","6","12",NULL,NULL,NULL,"1","0","0",NULL," | เช้า: B5, บ่าย: B3","2025-12-25 08:57:24"
"3200","2026","2026-10-07","พุธ",NULL,NULL,NULL,NULL,NULL,"1","0","0",NULL," | เช้า: B4, บ่าย: B9","2025-12-25 08:57:24"
"3201","2026","2026-10-08","พฤหัสบดี","9","13",NULL,NULL,NULL,"1","0","0",NULL," | เช้า: B8, บ่าย: A5","2025-12-25 08:57:24"
"3202","2026","2026-10-09","ศุกร์",NULL,NULL,NULL,NULL,NULL,"1","0","0",NULL," | เช้า: A1, บ่าย: A6","2025-12-25 08:57:24"
"3203","2026","2026-10-10","เสาร์",NULL,NULL,NULL,NULL,NULL,"0","1","0",NULL,"เสาร์-อาทิตย์ (ไม่จัดเวร)","2025-12-25 08:57:24"
"3204","2026","2026-10-11","อาทิตย์",NULL,NULL,NULL,NULL,NULL,"0","1","0",NULL,"เสาร์-อาทิตย์ (ไม่จัดเวร)","2025-12-25 08:57:24"
"3205","2026","2026-10-12","จันทร์","3","16",NULL,NULL,NULL,"1","0","0",NULL," | เช้า: A2, บ่าย: A10","2025-12-25 08:57:24"
"3206","2026","2026-10-13","อังคาร",NULL,NULL,NULL,NULL,NULL,"0","0","1","วันนวมินทรมหาราช","วันหยุดราชการ (ไม่จัดเวร)","2025-12-25 08:57:24"
"3207","2026","2026-10-14","พุธ",NULL,NULL,NULL,NULL,NULL,"1","0","0",NULL," | เช้า: A9, บ่าย: A4","2025-12-25 08:57:24"
"3208","2026","2026-10-15","พฤหัสบดี","8","17",NULL,NULL,NULL,"1","0","0",NULL," | เช้า: A3, บ่าย: A7","2025-12-25 08:57:24"
"3209","2026","2026-10-16","ศุกร์",NULL,NULL,NULL,NULL,NULL,"1","0","0",NULL," | เช้า: B11, บ่าย: B1","2025-12-25 08:57:24"
"3210","2026","2026-10-17","เสาร์",NULL,NULL,NULL,NULL,NULL,"0","1","0",NULL,"เสาร์-อาทิตย์ (ไม่จัดเวร)","2025-12-25 08:57:24"
"3211","2026","2026-10-18","อาทิตย์",NULL,NULL,NULL,NULL,NULL,"0","1","0",NULL,"เสาร์-อาทิตย์ (ไม่จัดเวร)","2025-12-25 08:57:24"
"3212","2026","2026-10-19","จันทร์","10","19",NULL,NULL,NULL,"1","0","0",NULL," | เช้า: A8, บ่าย: B15","2025-12-25 08:57:24"
"3213","2026","2026-10-20","อังคาร","2","15",NULL,NULL,NULL,"1","0","0",NULL," | เช้า: B13, บ่าย: B4","2025-12-25 08:57:24"
"3214","2026","2026-10-21","พุธ",NULL,NULL,NULL,NULL,NULL,"1","0","0",NULL," | เช้า: B2, บ่าย: B6","2025-12-25 08:57:24"
"3215","2026","2026-10-22","พฤหัสบดี","4","22",NULL,NULL,NULL,"1","0","0",NULL," | เช้า: B14, บ่าย: B7","2025-12-25 08:57:24"
"3216","2026","2026-10-23","ศุกร์",NULL,NULL,NULL,NULL,NULL,"0","0","1","วันปิยมหาราช","วันหยุดราชการ (ไม่จัดเวร)","2025-12-25 08:57:24"
"3217","2026","2026-10-24","เสาร์",NULL,NULL,NULL,NULL,NULL,"0","1","0",NULL,"เสาร์-อาทิตย์ (ไม่จัดเวร)","2025-12-25 08:57:24"
"3218","2026","2026-10-25","อาทิตย์",NULL,NULL,NULL,NULL,NULL,"0","1","0",NULL,"เสาร์-อาทิตย์ (ไม่จัดเวร)","2025-12-25 08:57:24"
"3219","2026","2026-10-26","จันทร์","7","18",NULL,NULL,NULL,"1","0","0",NULL," | เช้า: B10, บ่าย: B5","2025-12-25 08:57:24"
"3220","2026","2026-10-27","อังคาร","5","11",NULL,NULL,NULL,"1","0","0",NULL," | เช้า: B3, บ่าย: B12","2025-12-25 08:57:24"
"3221","2026","2026-10-28","พุธ",NULL,NULL,NULL,NULL,NULL,"1","0","0",NULL," | เช้า: B9, บ่าย: B8","2025-12-25 08:57:24"
"3222","2026","2026-10-29","พฤหัสบดี","1","21",NULL,NULL,NULL,"1","0","0",NULL," | เช้า: A5, บ่าย: A6","2025-12-25 08:57:24"
"3223","2026","2026-10-30","ศุกร์",NULL,NULL,NULL,NULL,NULL,"1","0","0",NULL," | เช้า: A4, บ่าย: A2","2025-12-25 08:57:24"
"3224","2026","2026-10-31","เสาร์",NULL,NULL,NULL,NULL,NULL,"0","1","0",NULL,"เสาร์-อาทิตย์ (ไม่จัดเวร)","2025-12-25 08:57:24"
"3225","2026","2026-11-01","อาทิตย์",NULL,NULL,NULL,NULL,NULL,"0","1","0",NULL,"เสาร์-อาทิตย์ (ไม่จัดเวร)","2025-12-25 08:57:24"
"3226","2026","2026-11-02","จันทร์","6","20",NULL,NULL,NULL,"1","0","0",NULL," | เช้า: A1, บ่าย: A8","2025-12-25 08:57:24"
"3227","2026","2026-11-03","อังคาร","9","23",NULL,NULL,NULL,"1","0","0",NULL," | เช้า: A7, บ่าย: A10","2025-12-25 08:57:24"
"3228","2026","2026-11-04","พุธ",NULL,NULL,NULL,NULL,NULL,"1","0","0",NULL," | เช้า: A3, บ่าย: B1","2025-12-25 08:57:24"
"3229","2026","2026-11-05","พฤหัสบดี","5","24",NULL,NULL,NULL,"1","0","0",NULL," | เช้า: A9, บ่าย: B13","2025-12-25 08:57:24"
"3230","2026","2026-11-06","ศุกร์",NULL,NULL,NULL,NULL,NULL,"1","0","0",NULL," | เช้า: B6, บ่าย: B11","2025-12-25 08:57:24"
"3231","2026","2026-11-07","เสาร์",NULL,NULL,NULL,NULL,NULL,"0","1","0",NULL,"เสาร์-อาทิตย์ (ไม่จัดเวร)","2025-12-25 08:57:24"
"3232","2026","2026-11-08","อาทิตย์",NULL,NULL,NULL,NULL,NULL,"0","1","0",NULL,"เสาร์-อาทิตย์ (ไม่จัดเวร)","2025-12-25 08:57:24"
"3233","2026","2026-11-09","จันทร์","1","25",NULL,NULL,NULL,"1","0","0",NULL," | เช้า: B12, บ่าย: B2","2025-12-25 08:57:24"
"3234","2026","2026-11-10","อังคาร","8","13",NULL,NULL,NULL,"1","0","0",NULL," | เช้า: B4, บ่าย: B14","2025-12-25 08:57:24"
"3235","2026","2026-11-11","พุธ",NULL,NULL,NULL,NULL,NULL,"1","0","0",NULL," | เช้า: B15, บ่าย: B10","2025-12-25 08:57:24"
"3236","2026","2026-11-12","พฤหัสบดี","3","12",NULL,NULL,NULL,"1","0","0",NULL," | เช้า: B7, บ่าย: B3","2025-12-25 08:57:24"
"3237","2026","2026-11-13","ศุกร์",NULL,NULL,NULL,NULL,NULL,"1","0","0",NULL," | เช้า: B5, บ่าย: B9","2025-12-25 08:57:24"
"3238","2026","2026-11-14","เสาร์",NULL,NULL,NULL,NULL,NULL,"0","1","0",NULL,"เสาร์-อาทิตย์ (ไม่จัดเวร)","2025-12-25 08:57:24"
"3239","2026","2026-11-15","อาทิตย์",NULL,NULL,NULL,NULL,NULL,"0","1","0",NULL,"เสาร์-อาทิตย์ (ไม่จัดเวร)","2025-12-25 08:57:24"
"3240","2026","2026-11-16","จันทร์","2","17",NULL,NULL,NULL,"1","0","0",NULL," | เช้า: B8, บ่าย: A5","2025-12-25 08:57:24"
"3241","2026","2026-11-17","อังคาร","10","14",NULL,NULL,NULL,"1","0","0",NULL," | เช้า: A6, บ่าย: A1","2025-12-25 08:57:24"
"3242","2026","2026-11-18","พุธ",NULL,NULL,NULL,NULL,NULL,"1","0","0",NULL," | เช้า: A2, บ่าย: A9","2025-12-25 08:57:24"
"3243","2026","2026-11-19","พฤหัสบดี","4","16",NULL,NULL,NULL,"1","0","0",NULL," | เช้า: A8, บ่าย: A10","2025-12-25 08:57:24"
"3244","2026","2026-11-20","ศุกร์",NULL,NULL,NULL,NULL,NULL,"1","0","0",NULL," | เช้า: A3, บ่าย: B15","2025-12-25 08:57:24"
"3245","2026","2026-11-21","เสาร์",NULL,NULL,NULL,NULL,NULL,"0","1","0",NULL,"เสาร์-อาทิตย์ (ไม่จัดเวร)","2025-12-25 08:57:24"
"3246","2026","2026-11-22","อาทิตย์",NULL,NULL,NULL,NULL,NULL,"0","1","0",NULL,"เสาร์-อาทิตย์ (ไม่จัดเวร)","2025-12-25 08:57:24"
"3247","2026","2026-11-23","จันทร์","7","19",NULL,NULL,NULL,"1","0","0",NULL," | เช้า: A4, บ่าย: B4","2025-12-25 08:57:24"
"3248","2026","2026-11-24","อังคาร","6","22",NULL,NULL,NULL,"1","0","0",NULL," | เช้า: B11, บ่าย: B1","2025-12-25 08:57:24"
"3249","2026","2026-11-25","พุธ",NULL,NULL,NULL,NULL,NULL,"1","0","0",NULL," | เช้า: A7, บ่าย: B13","2025-12-25 08:57:24"
"3250","2026","2026-11-26","พฤหัสบดี","9","15",NULL,NULL,NULL,"1","0","0",NULL," | เช้า: B2, บ่าย: B12","2025-12-25 08:57:24"
"3251","2026","2026-11-27","ศุกร์",NULL,NULL,NULL,NULL,NULL,"1","0","0",NULL," | เช้า: B10, บ่าย: B14","2025-12-25 08:57:24"
"3252","2026","2026-11-28","เสาร์",NULL,NULL,NULL,NULL,NULL,"0","1","0",NULL,"เสาร์-อาทิตย์ (ไม่จัดเวร)","2025-12-25 08:57:24"
"3253","2026","2026-11-29","อาทิตย์",NULL,NULL,NULL,NULL,NULL,"0","1","0",NULL,"เสาร์-อาทิตย์ (ไม่จัดเวร)","2025-12-25 08:57:24"
"3254","2026","2026-11-30","จันทร์","5","18",NULL,NULL,NULL,"1","0","0",NULL," | เช้า: B3, บ่าย: B5","2025-12-25 08:57:24"
"3255","2026","2026-12-01","อังคาร","1","16",NULL,NULL,NULL,"1","0","0",NULL," | เช้า: B9, บ่าย: B7","2025-12-25 08:57:24"
"3256","2026","2026-12-02","พุธ",NULL,NULL,NULL,NULL,NULL,"1","0","0",NULL," | เช้า: B8, บ่าย: A5","2025-12-25 08:57:24"
"3257","2026","2026-12-03","พฤหัสบดี","6","11",NULL,NULL,NULL,"1","0","0",NULL," | เช้า: B6, บ่าย: A1","2025-12-25 08:57:24"
"3258","2026","2026-12-04","ศุกร์",NULL,NULL,NULL,NULL,NULL,"1","0","0",NULL," | เช้า: A10, บ่าย: A4","2025-12-25 08:57:24"
"3259","2026","2026-12-05","เสาร์",NULL,NULL,NULL,NULL,NULL,"0","1","0",NULL,"เสาร์-อาทิตย์ (ไม่จัดเวร)","2025-12-25 08:57:24"
"3260","2026","2026-12-06","อาทิตย์",NULL,NULL,NULL,NULL,NULL,"0","1","0",NULL,"เสาร์-อาทิตย์ (ไม่จัดเวร)","2025-12-25 08:57:24"
"3261","2026","2026-12-07","จันทร์",NULL,NULL,NULL,NULL,NULL,"0","0","1","วันหยุดชดเชยวันพ่อ","วันหยุดราชการ (ไม่จัดเวร)","2025-12-25 08:57:24"
"3262","2026","2026-12-08","อังคาร","5","19",NULL,NULL,NULL,"1","0","0",NULL," | เช้า: A6, บ่าย: A2","2025-12-25 08:57:24"
"3263","2026","2026-12-09","พุธ",NULL,NULL,NULL,NULL,NULL,"1","0","0",NULL," | เช้า: A8, บ่าย: A9","2025-12-25 08:57:24"
"3264","2026","2026-12-10","พฤหัสบดี",NULL,NULL,NULL,NULL,NULL,"0","0","1","วันรัฐธรรมนูญ","วันหยุดราชการ (ไม่จัดเวร)","2025-12-25 08:57:24"
"3265","2026","2026-12-11","ศุกร์",NULL,NULL,NULL,NULL,NULL,"1","0","0",NULL," | เช้า: A7, บ่าย: A3","2025-12-25 08:57:24"
"3266","2026","2026-12-12","เสาร์",NULL,NULL,NULL,NULL,NULL,"0","1","0",NULL,"เสาร์-อาทิตย์ (ไม่จัดเวร)","2025-12-25 08:57:24"
"3267","2026","2026-12-13","อาทิตย์",NULL,NULL,NULL,NULL,NULL,"0","1","0",NULL,"เสาร์-อาทิตย์ (ไม่จัดเวร)","2025-12-25 08:57:24"
"3268","2026","2026-12-14","จันทร์","8","21",NULL,NULL,NULL,"1","0","0",NULL," | เช้า: B13, บ่าย: B15","2025-12-25 08:57:24"
"3269","2026","2026-12-15","อังคาร","3","20",NULL,NULL,NULL,"1","0","0",NULL," | เช้า: B1, บ่าย: B2","2025-12-25 08:57:24"
"3270","2026","2026-12-16","พุธ",NULL,NULL,NULL,NULL,NULL,"1","0","0",NULL," | เช้า: B14, บ่าย: B11","2025-12-25 08:57:24"
"3271","2026","2026-12-17","พฤหัสบดี","10","23",NULL,NULL,NULL,"1","0","0",NULL," | เช้า: B12, บ่าย: B4","2025-12-25 08:57:24"
"3272","2026","2026-12-18","ศุกร์",NULL,NULL,NULL,NULL,NULL,"1","0","0",NULL," | เช้า: B10, บ่าย: B6","2025-12-25 08:57:24"
"3273","2026","2026-12-19","เสาร์",NULL,NULL,NULL,NULL,NULL,"0","1","0",NULL,"เสาร์-อาทิตย์ (ไม่จัดเวร)","2025-12-25 08:57:24"
"3274","2026","2026-12-20","อาทิตย์",NULL,NULL,NULL,NULL,NULL,"0","1","0",NULL,"เสาร์-อาทิตย์ (ไม่จัดเวร)","2025-12-25 08:57:24"
"3275","2026","2026-12-21","จันทร์","9","24",NULL,NULL,NULL,"1","0","0",NULL," | เช้า: B7, บ่าย: B3","2025-12-25 08:57:24"
"3276","2026","2026-12-22","อังคาร","4","25",NULL,NULL,NULL,"1","0","0",NULL," | เช้า: B5, บ่าย: B9","2025-12-25 08:57:24"
"3277","2026","2026-12-23","พุธ",NULL,NULL,NULL,NULL,NULL,"1","0","0",NULL," | เช้า: B8, บ่าย: A5","2025-12-25 08:57:24"
"3278","2026","2026-12-24","พฤหัสบดี","2","14",NULL,NULL,NULL,"1","0","0",NULL," | เช้า: A1, บ่าย: A6","2025-12-25 08:57:24"
"3279","2026","2026-12-25","ศุกร์",NULL,NULL,NULL,NULL,NULL,"1","0","0",NULL,"; งดเวร RS (25-30 ธ.ค.)","2025-12-25 08:57:24"
"3280","2026","2026-12-26","เสาร์",NULL,NULL,NULL,NULL,NULL,"0","1","0",NULL,"เสาร์-อาทิตย์ (ไม่จัดเวร)","2025-12-25 08:57:24"
"3281","2026","2026-12-27","อาทิตย์",NULL,NULL,NULL,NULL,NULL,"0","1","0",NULL,"เสาร์-อาทิตย์ (ไม่จัดเวร)","2025-12-25 08:57:24"
"3282","2026","2026-12-28","จันทร์","7","12",NULL,NULL,NULL,"1","0","0",NULL,"; งดเวร RS (25-30 ธ.ค.)","2025-12-25 08:57:24"
"3283","2026","2026-12-29","อังคาร","8","13",NULL,NULL,NULL,"1","0","0",NULL,"; งดเวร RS (25-30 ธ.ค.)","2025-12-25 08:57:24"
"3284","2026","2026-12-30","พุธ",NULL,NULL,NULL,NULL,NULL,"1","0","0",NULL,"; งดเวร RS (25-30 ธ.ค.)","2025-12-25 08:57:24"
"3285","2026","2026-12-31","พฤหัสบดี",NULL,NULL,NULL,NULL,NULL,"0","0","1","วันสิ้นปี","วันหยุดราชการ (ไม่จัดเวร)","2025-12-25 08:57:24"
